Size (bp),E2: CFD1601677
1.00,1703.15
2.00,1310.27
2.62,861.63
3.23,510.00
3.85,299.92
4.47,198.52
5.08,156.34
5.70,139.94
6.31,133.41
6.93,130.24
7.55,127.86
8.16,125.67
8.78,124.85
9.40,127.44
10.01,134.49
10.63,144.92
11.25,155.56
11.86,162.69
12.48,164.31
13.09,160.82
13.71,153.47
14.33,142.34
14.94,126.71
15.56,107.59
16.18,88.29
16.79,71.76
17.41,49.91
18.03,43.81
18.64,39.85
19.26,37.37
19.87,35.94
20.49,34.98
21.11,34.13
21.72,33.64
22.34,33.65
22.96,33.54
23.57,32.67
24.19,31.29
24.81,30.00
25.42,29.09
26.04,28.75
26.65,29.21
27.27,30.16
27.89,30.92
28.50,31.10
29.12,30.77
29.74,30.40
30.35,30.50
30.97,31.04
31.58,31.43
32.20,31.14
32.82,30.60
33.43,30.63
34.05,31.25
34.67,32.18
35.28,33.44
35.90,34.99
36.52,36.77
37.13,38.62
37.75,40.22
38.36,41.48
38.98,42.80
39.60,44.76
40.21,47.48
40.83,50.31
41.45,52.46
42.06,53.47
42.68,53.40
43.30,52.69
43.91,51.78
44.53,51.04
45.14,50.74
45.76,50.78
46.38,50.99
46.99,51.47
47.61,52.16
48.23,52.75
48.84,53.43
49.46,54.94
50.08,57.21
50.69,60.37
51.31,60.82
51.92,61.00
52.54,61.06
53.16,60.86
53.77,60.51
54.39,60.43
55.01,60.73
55.62,61.29
56.24,62.17
56.86,63.29
57.47,64.32
58.09,65.23
58.70,65.99
59.32,66.34
59.94,66.48
60.55,66.74
61.17,66.96
61.79,66.97
62.40,66.97
63.02,67.12
63.64,67.36
64.25,67.56
64.87,67.50
65.48,67.26
66.10,67.49
66.72,68.47
67.33,69.26
67.95,69.02
68.57,68.07
69.18,67.00
69.80,66.15
70.42,65.96
71.03,66.41
71.65,66.85
72.26,67.05
72.88,67.31
73.50,67.74
74.11,68.11
74.73,68.18
75.35,68.02
75.96,67.93
76.58,68.08
77.19,68.37
77.81,68.63
78.43,68.64
79.04,68.24
79.66,67.61
80.28,67.12
80.89,66.83
81.51,66.64
82.13,66.62
82.74,66.59
83.36,65.88
83.97,65.89
84.59,65.75
85.21,65.04
85.82,64.49
86.44,64.72
87.06,65.01
87.67,64.58
88.29,63.93
88.91,63.88
89.52,64.16
90.14,63.93
90.75,63.17
91.37,62.53
91.99,62.21
92.60,61.89
93.22,61.30
93.84,60.64
94.45,60.43
95.07,60.94
95.69,61.95
96.30,63.16
96.92,64.28
97.53,64.93
98.15,65.03
98.77,65.09
99.38,65.78
100.00,67.18
101.00,68.44
101.74,68.78
102.49,68.45
103.23,68.27
103.98,68.85
104.72,70.43
105.47,72.72
106.21,75.02
106.95,76.70
107.70,77.71
108.44,78.55
109.19,79.67
109.93,81.16
110.68,83.03
111.42,85.34
112.17,87.92
112.91,90.31
113.65,92.24
114.40,94.20
115.14,96.88
115.89,100.36
116.63,104.23
117.38,108.02
118.12,111.34
118.86,114.32
119.61,117.67
120.35,127.42
121.10,133.60
121.84,140.14
122.59,146.75
123.33,153.27
124.08,160.04
124.82,167.63
125.56,176.11
126.31,185.28
127.05,195.00
127.80,205.12
128.54,215.66
129.29,227.19
130.03,240.34
130.77,254.78
131.52,269.48
132.26,284.21
133.01,299.26
133.75,314.29
134.50,329.23
135.24,345.23
135.98,363.27
136.73,382.84
137.47,402.44
138.22,421.51
138.96,440.91
139.71,461.09
140.45,481.46
141.20,502.14
141.94,524.36
142.68,548.65
143.43,574.69
144.17,602.68
144.92,633.17
145.66,666.07
146.41,701.50
147.15,740.67
147.89,784.52
148.64,832.94
149.38,885.95
150.13,944.05
150.87,1006.90
151.62,1073.43
152.36,1143.44
153.11,1217.87
153.85,1297.31
154.59,1381.13
155.34,1468.52
156.08,1559.40
156.83,1653.16
157.57,1748.05
158.32,1842.27
159.06,1933.80
159.80,2020.57
160.55,2179.11
161.29,2250.46
162.04,2314.27
162.78,2369.32
163.53,2416.10
164.27,2455.23
165.02,2485.21
165.76,2502.79
166.50,2507.04
167.25,2501.52
167.99,2490.02
168.74,2471.32
169.48,2441.26
170.23,2399.02
170.97,2348.11
171.71,2292.27
172.46,2232.58
173.20,2168.26
173.95,2099.25
174.69,2027.26
175.44,1953.99
176.18,1879.75
176.92,1805.17
177.67,1732.19
178.41,1662.07
179.16,1594.22
179.90,1527.28
180.65,1460.27
181.39,1393.47
182.14,1328.35
182.88,1266.52
183.62,1208.71
184.37,1154.57
185.11,1103.00
185.86,1053.04
186.60,1004.52
187.35,958.23
188.09,915.05
188.83,875.12
189.58,838.24
190.32,803.95
191.07,771.40
191.81,740.30
192.56,711.04
193.30,683.33
194.05,656.45
194.79,630.21
195.53,604.44
196.28,579.09
197.02,554.89
197.77,532.50
198.51,511.69
199.26,491.97
200.00,454.25
201.00,435.96
201.74,418.08
202.49,400.93
203.23,384.74
203.98,369.25
204.72,354.48
205.47,340.72
206.21,327.76
206.95,315.08
207.70,302.26
208.44,289.18
209.19,276.56
209.93,265.37
210.68,255.28
211.42,245.11
212.17,234.27
212.91,223.30
213.65,213.16
214.40,204.33
215.14,196.42
215.89,189.03
216.63,181.97
217.38,174.66
218.12,166.75
218.86,158.66
219.61,151.03
220.35,144.21
221.10,138.68
221.84,134.45
222.59,130.44
223.33,125.64
224.08,120.35
224.82,115.46
225.56,111.07
226.31,106.58
227.05,101.76
227.80,97.23
228.54,93.30
229.29,89.60
230.03,86.03
230.77,82.83
231.52,79.88
232.26,77.12
233.01,74.93
233.75,73.50
234.50,72.26
235.24,70.30
235.98,67.39
236.73,64.29
237.47,61.94
238.22,60.48
238.96,59.30
239.71,57.81
240.45,53.83
241.20,51.80
241.94,50.17
242.68,49.12
243.43,48.28
244.17,47.09
244.92,45.49
245.66,44.09
246.41,43.45
247.15,43.22
247.89,42.50
248.64,41.00
249.38,39.58
250.13,39.05
250.87,39.23
251.62,39.29
252.36,38.99
253.11,38.84
253.85,39.08
254.59,39.39
255.34,39.60
256.08,39.74
256.83,39.60
257.57,39.19
258.32,38.86
259.06,38.82
259.80,38.75
260.55,38.32
261.29,37.92
262.04,37.95
262.78,38.07
263.53,38.08
264.27,38.24
265.02,38.56
265.76,38.73
266.50,38.64
267.25,38.62
267.99,39.00
268.74,39.58
269.48,39.77
270.23,39.66
270.97,39.96
271.71,40.93
272.46,41.92
273.20,42.63
273.95,43.47
274.69,44.43
275.44,45.00
276.18,45.29
276.92,45.93
277.67,46.97
278.41,47.83
279.16,48.20
279.90,48.52
280.65,51.03
281.39,52.88
282.14,54.45
282.88,55.62
283.62,57.00
284.37,58.95
285.11,60.94
285.86,62.89
286.60,65.49
287.35,68.81
288.09,72.01
288.83,74.60
289.58,76.93
290.32,79.65
291.07,82.79
291.81,85.73
292.56,88.28
293.30,91.42
294.05,95.77
294.79,100.70
295.53,105.21
296.28,109.15
297.02,113.30
297.77,117.95
298.51,122.26
299.26,125.78
300.00,129.22
301.00,133.16
301.77,137.92
302.53,143.65
303.30,149.77
304.07,155.48
304.84,160.88
305.60,166.72
306.37,173.26
307.14,179.72
307.91,185.13
308.67,189.36
309.44,192.89
310.21,196.36
310.98,200.64
311.74,206.44
312.51,213.33
313.28,219.34
314.05,223.14
314.81,225.65
315.58,228.05
316.35,230.12
317.12,231.63
317.88,233.27
318.65,235.76
319.42,239.21
320.19,242.76
320.95,244.97
321.72,243.95
322.49,243.06
323.26,242.50
324.02,242.27
324.79,242.48
325.56,242.48
326.33,241.75
327.09,241.07
327.86,241.43
328.63,242.56
329.40,243.35
330.16,243.25
330.93,242.48
331.70,241.13
332.47,239.39
333.23,238.00
334.00,237.47
334.77,237.48
335.53,237.67
336.30,238.13
337.07,239.02
337.84,240.14
338.60,241.19
339.37,242.33
340.14,243.87
340.91,245.64
341.67,247.37
342.44,249.18
343.21,250.95
343.98,252.44
344.74,254.26
345.51,257.18
346.28,260.61
347.05,263.17
347.81,264.38
348.58,265.22
349.35,266.90
350.12,269.37
350.88,271.74
351.65,274.14
352.42,277.57
353.19,281.86
353.95,285.69
354.72,288.29
355.49,290.08
356.26,291.96
357.02,294.36
357.79,296.75
358.56,298.66
359.33,300.58
360.09,302.65
360.86,304.00
361.63,304.34
362.40,305.78
363.16,307.21
363.93,308.16
364.70,308.29
365.47,307.91
366.23,307.75
367.00,308.05
367.77,307.87
368.53,306.57
369.30,305.20
370.07,304.82
370.84,304.85
371.60,304.17
372.37,302.41
373.14,300.08
373.91,298.09
374.67,296.78
375.44,295.76
376.21,294.66
376.98,293.04
377.74,290.32
378.51,286.72
379.28,283.18
380.05,280.21
380.81,277.84
381.58,275.99
382.35,274.09
383.12,271.48
383.88,268.13
384.65,264.40
385.42,260.57
386.19,256.89
386.95,253.57
387.72,250.61
388.49,247.84
389.26,245.02
390.02,242.18
390.79,239.57
391.56,236.78
392.33,232.88
393.09,227.86
393.86,222.79
394.63,218.42
395.40,214.95
396.16,212.47
396.93,210.34
397.70,207.04
398.47,201.91
399.23,196.15
400.00,191.58
401.00,188.61
401.82,185.82
402.64,181.95
403.45,177.46
404.27,170.76
405.09,168.25
405.91,164.81
406.73,160.24
407.55,155.87
408.36,152.71
409.18,150.10
410.00,146.84
410.82,142.85
411.64,138.92
412.45,135.32
413.27,131.67
414.09,127.92
414.91,124.35
415.73,121.23
416.55,118.57
417.36,115.91
418.18,112.91
419.00,109.89
419.82,107.04
420.64,104.08
421.45,100.97
422.27,98.21
423.09,96.23
423.91,94.74
424.73,93.03
425.55,90.65
426.36,87.66
427.18,84.73
428.00,82.54
428.82,80.80
429.64,78.88
430.45,76.92
431.27,75.18
432.09,73.40
432.91,71.41
433.73,69.41
434.55,67.63
435.36,66.28
436.18,65.39
437.00,64.58
437.82,63.63
438.64,62.69
439.45,61.45
440.27,59.64
441.09,57.82
441.91,56.69
442.73,56.31
443.55,56.16
444.36,55.67
445.18,54.84
446.00,54.13
446.82,53.64
447.64,52.96
448.45,51.16
449.27,50.70
450.09,50.20
450.91,49.49
451.73,48.93
452.55,48.55
453.36,47.97
454.18,47.23
455.00,46.81
455.82,47.01
456.64,47.58
457.45,47.95
458.27,47.69
459.09,46.91
459.91,46.09
460.73,45.72
461.55,45.84
462.36,46.27
463.18,47.16
464.00,48.35
464.82,48.92
465.64,48.32
466.45,47.30
467.27,46.73
468.09,46.46
468.91,46.02
469.73,45.56
470.55,45.39
471.36,45.45
472.18,45.72
473.00,46.28
473.82,46.63
474.64,46.34
475.45,45.79
476.27,45.46
477.09,45.36
477.91,45.61
478.73,46.50
479.55,47.63
480.36,48.25
481.18,48.21
482.00,47.97
482.82,47.73
483.64,47.32
484.45,46.86
485.27,46.93
486.09,47.83
486.91,49.04
487.73,49.75
488.55,49.79
489.36,49.68
490.18,49.75
491.00,49.81
491.82,49.79
492.64,50.44
493.45,51.50
494.27,52.32
495.09,52.42
495.91,52.07
496.73,51.85
497.55,51.76
498.36,51.54
499.18,51.25
500.00,51.27
501.00,52.03
501.99,53.42
502.98,54.55
503.97,55.08
504.96,55.77
505.95,57.05
506.94,58.07
507.93,58.13
508.92,57.84
509.91,58.38
510.90,59.84
511.89,61.16
512.88,61.66
513.87,61.78
514.86,62.13
515.85,62.67
516.84,63.29
517.83,64.37
518.82,66.09
519.81,67.66
520.80,68.42
521.79,68.93
522.78,70.03
523.77,71.41
524.76,72.20
525.75,72.35
526.74,72.50
527.73,72.98
528.72,73.74
529.71,75.00
530.70,77.04
531.69,79.44
532.68,81.46
533.67,82.88
534.66,83.62
535.65,83.55
536.64,83.17
537.63,83.63
538.62,85.42
539.61,87.50
540.60,88.40
541.59,88.17
542.58,88.05
543.57,88.37
544.56,88.44
545.55,89.21
546.54,90.43
547.53,91.81
548.52,93.87
549.51,96.50
550.50,98.32
551.49,98.35
552.48,97.68
553.47,98.13
554.46,99.62
555.45,100.81
556.44,100.96
557.43,100.10
558.42,98.90
559.41,98.59
560.40,99.71
561.39,101.08
562.38,101.34
563.37,100.66
564.36,100.06
565.35,99.65
566.34,98.87
567.33,98.15
568.32,98.25
569.31,98.78
570.30,99.11
571.29,99.42
572.28,99.58
573.27,99.36
574.26,99.13
575.25,98.96
576.24,98.10
577.23,96.47
578.22,94.94
579.21,94.32
580.20,94.75
581.19,95.38
582.18,95.05
583.17,93.75
584.16,92.36
585.15,91.11
586.14,89.66
587.13,88.31
588.12,87.70
589.11,87.77
590.10,87.75
591.09,87.10
592.08,86.02
593.07,85.12
594.06,85.02
595.05,85.65
596.04,86.16
597.03,84.07
598.02,81.72
599.01,79.38
600.00,77.21
601.00,74.54
602.15,71.24
603.30,68.23
604.45,66.52
605.60,66.22
606.76,66.37
607.91,65.64
609.06,63.72
610.21,61.62
611.36,60.67
612.51,61.31
613.66,62.53
614.81,62.92
615.97,62.00
617.12,60.19
618.27,57.80
619.42,55.16
620.57,52.77
621.72,51.17
622.87,50.40
624.02,50.04
625.17,49.53
626.33,48.48
627.48,46.95
628.63,45.29
629.78,43.38
630.93,41.29
632.08,39.94
633.23,39.77
634.38,39.82
635.53,39.10
636.69,37.85
637.84,36.86
638.99,35.98
640.14,34.83
641.29,33.95
642.44,33.76
643.59,33.67
644.74,33.14
645.90,32.02
647.05,30.44
648.20,29.21
649.35,28.95
650.50,28.78
651.65,27.88
652.80,26.82
653.95,25.96
655.10,24.87
656.26,23.81
657.41,23.98
658.56,24.16
659.71,23.42
660.86,22.16
662.01,21.42
663.16,21.62
664.31,22.05
665.47,21.95
666.62,21.33
667.77,20.61
668.92,19.94
670.07,19.09
671.22,18.04
672.37,17.46
673.52,17.64
674.67,18.01
675.83,18.14
676.98,17.95
678.13,17.31
679.28,16.64
680.43,16.68
681.58,17.54
682.73,18.49
683.88,18.70
685.03,17.98
686.19,16.88
687.34,16.36
688.49,16.63
689.64,16.83
690.79,16.55
691.94,16.44
693.09,16.73
694.24,17.32
695.40,18.32
696.55,19.43
697.70,20.08
698.85,20.32
700.00,20.13
701.00,19.09
702.22,17.60
703.44,17.04
704.67,18.29
705.89,20.58
707.11,22.54
708.33,23.85
709.56,25.01
710.78,26.13
712.00,26.94
713.22,27.37
714.44,27.34
715.67,26.74
716.89,25.94
718.11,25.90
719.33,27.22
720.56,30.24
721.78,30.35
723.00,30.20
724.22,30.41
725.44,31.33
726.67,33.02
727.89,35.00
729.11,36.62
730.33,37.61
731.56,38.03
732.78,38.32
734.00,38.94
735.22,39.44
736.44,39.45
737.67,39.78
738.89,41.03
740.11,42.67
741.33,43.87
742.56,44.28
743.78,44.24
745.00,44.27
746.22,44.32
747.44,44.43
748.67,44.97
749.89,45.68
751.11,45.98
752.33,46.37
753.56,47.56
754.78,49.09
756.00,49.99
757.22,50.03
758.44,49.66
759.67,49.80
760.89,51.06
762.11,52.72
763.33,53.39
764.56,52.65
765.78,51.30
767.00,50.24
768.22,49.81
769.44,49.78
770.67,49.75
771.89,49.81
773.11,50.24
774.33,50.98
775.56,51.73
776.78,52.17
778.00,52.28
779.22,52.19
780.44,51.75
781.67,50.79
782.89,49.67
784.11,48.68
785.33,47.77
786.56,46.16
787.78,45.84
789.00,45.66
790.22,44.83
791.44,43.31
792.67,42.00
793.89,41.42
795.11,41.30
796.33,41.31
797.56,41.21
798.78,40.85
800.00,40.14
801.00,39.08
802.43,37.92
803.87,36.94
805.30,36.06
806.74,35.12
808.17,34.42
809.61,34.11
811.04,33.72
812.48,33.17
813.91,32.74
815.35,32.45
816.78,32.18
818.22,31.85
819.65,31.31
821.09,30.66
822.52,30.09
823.96,29.32
825.39,28.24
826.83,27.53
828.26,27.47
829.70,27.44
831.13,27.15
832.57,26.72
834.00,25.82
835.43,24.64
836.87,24.09
838.30,24.07
839.74,23.73
841.17,23.23
842.61,23.05
844.04,22.81
845.48,22.14
846.91,21.62
848.35,21.85
849.78,22.62
851.22,23.18
852.65,22.99
854.09,22.35
855.52,21.85
856.96,21.31
858.39,20.57
859.83,20.13
861.26,20.08
862.70,20.17
864.13,20.69
865.57,21.25
867.00,21.24
868.43,20.91
869.87,20.87
871.30,21.16
872.74,21.43
874.17,21.63
875.61,21.98
877.04,22.65
878.48,23.28
879.91,23.39
881.35,23.16
882.78,23.23
884.22,23.79
885.65,24.61
887.09,25.31
888.52,25.46
889.96,25.23
891.39,25.36
892.83,26.00
894.26,26.41
895.70,26.17
897.13,25.65
898.57,25.32
900.00,25.31
901.00,25.69
902.80,26.41
904.60,27.29
906.40,28.39
908.20,29.68
910.00,30.68
911.80,30.70
913.60,29.66
915.40,28.56
917.20,28.51
919.00,29.35
920.80,30.17
922.60,30.58
924.40,30.76
926.20,30.82
928.00,30.67
929.80,30.60
931.60,31.19
933.40,32.17
935.20,32.54
937.00,32.20
938.80,32.02
940.60,32.30
942.40,32.62
944.20,32.85
946.00,33.43
947.80,33.89
949.60,34.37
951.40,34.49
953.20,34.31
955.00,34.01
956.80,33.20
958.60,32.07
960.40,31.70
962.20,32.24
964.00,32.61
965.80,32.33
967.60,31.71
969.40,31.06
971.20,30.63
973.00,30.50
974.80,30.48
976.60,30.57
978.40,30.67
980.20,29.98
982.00,27.88
983.80,25.38
985.60,24.25
987.40,24.82
989.20,26.04
991.00,26.97
992.80,27.34
994.60,27.00
996.40,25.92
998.20,24.72
1000.00,24.33
1001.00,24.48
1003.46,24.27
1005.91,23.96
1008.37,24.36
1010.83,25.07
1013.28,25.27
1015.74,24.90
1018.20,24.12
1020.65,22.88
1023.11,21.46
1025.57,20.27
1028.02,19.46
1030.48,19.21
1032.94,19.47
1035.40,19.74
1037.85,19.52
1040.31,18.70
1042.77,17.57
1045.22,16.68
1047.68,16.52
1050.14,17.14
1052.59,18.35
1055.05,19.61
1057.51,19.91
1059.96,19.72
1062.42,20.19
1064.88,20.94
1067.33,21.21
1069.79,21.17
1072.25,21.54
1074.70,22.36
1077.16,23.14
1079.62,23.87
1082.07,24.89
1084.53,25.95
1086.99,26.52
1089.44,26.75
1091.90,26.94
1094.36,26.98
1096.81,26.84
1099.27,27.00
1101.73,28.20
1104.19,30.52
1106.64,32.81
1109.10,33.79
1111.56,33.48
1114.01,32.38
1116.47,30.69
1118.93,29.42
1121.38,29.93
1123.84,31.98
1126.30,34.05
1128.75,35.28
1131.21,36.10
1133.67,37.05
1136.12,37.81
1138.58,38.07
1141.04,38.28
1143.49,38.90
1145.95,39.85
1148.41,40.70
1150.86,40.90
1153.32,40.36
1155.78,39.58
1158.23,38.78
1160.69,37.85
1163.15,36.99
1165.60,36.36
1168.06,35.96
1170.52,35.95
1172.98,36.34
1175.43,36.69
1177.89,36.62
1180.35,35.93
1182.80,34.64
1185.26,33.38
1187.72,32.77
1190.17,31.75
1192.63,30.82
1195.09,29.93
1197.54,29.01
1200.00,28.15
1201.00,27.55
1204.88,27.09
1208.77,26.41
1212.65,25.51
1216.53,24.91
1220.42,25.17
1224.30,26.10
1228.18,26.72
1232.06,26.60
1235.95,26.61
1239.83,27.53
1243.71,28.80
1247.60,29.27
1251.48,28.71
1255.36,28.41
1259.25,29.53
1263.13,31.40
1267.01,32.48
1270.90,32.62
1274.78,32.78
1278.66,33.31
1282.55,33.53
1286.43,33.14
1290.31,32.82
1294.19,33.45
1298.08,35.16
1301.96,37.34
1305.84,39.15
1309.73,40.21
1313.61,40.90
1317.49,41.79
1321.38,42.94
1325.26,43.98
1329.14,44.49
1333.03,44.53
1336.91,44.74
1340.79,45.64
1344.68,46.80
1348.56,47.17
1352.44,46.38
1356.32,45.27
1360.21,44.87
1364.09,45.63
1367.97,47.20
1371.86,48.54
1375.74,48.56
1379.62,47.01
1383.51,44.50
1387.39,41.24
1391.27,41.78
1395.16,42.63
1399.04,42.64
1402.92,42.37
1406.81,43.21
1410.69,44.81
1414.57,45.40
1418.45,44.48
1422.34,43.31
1426.22,42.88
1430.10,43.01
1433.99,43.13
1437.87,43.23
1441.75,43.73
1445.64,44.80
1449.52,46.23
1453.40,47.69
1457.29,49.15
1461.17,50.71
1465.05,52.19
1468.94,53.41
1472.82,54.52
1476.70,55.48
1480.58,56.08
1484.47,56.50
1488.35,56.98
1492.23,57.42
1496.12,58.09
1500.00,59.47
1501.00,61.14
1510.78,61.77
1520.57,60.81
1530.35,59.54
1540.14,59.83
1549.92,61.84
1559.71,63.91
1569.49,64.47
1579.27,63.30
1589.06,61.84
1598.84,61.98
1608.63,63.99
1618.41,66.59
1628.20,68.80
1637.98,70.29
1647.76,70.69
1657.55,69.72
1667.33,67.96
1677.12,67.28
1686.90,69.21
1696.69,72.50
1706.47,74.22
1716.25,73.40
1726.04,71.59
1735.82,70.85
1745.61,72.56
1755.39,74.79
1765.18,76.69
1774.96,78.07
1784.75,79.22
1794.53,80.39
1804.31,81.19
1814.10,81.28
1823.88,81.55
1833.67,82.77
1843.45,83.84
1853.24,83.56
1863.02,82.25
1872.80,81.04
1882.59,81.06
1892.37,82.66
1902.16,84.99
1911.94,86.76
1921.73,87.71
1931.51,88.67
1941.29,90.16
1951.08,91.58
1960.86,92.13
1970.65,91.92
1980.43,91.67
1990.22,91.77
2000.00,92.12
2001.00,92.46
2018.53,92.45
2036.05,92.29
2053.58,93.19
2071.11,95.82
2088.63,98.86
2106.16,100.94
2123.68,102.55
2141.21,104.41
2158.74,105.84
2176.26,106.41
2193.79,106.76
2211.32,107.16
2228.84,107.01
2246.37,105.95
2263.89,104.16
2281.42,102.26
2298.95,101.57
2316.47,103.39
2334.00,107.18
2351.53,110.64
2369.05,112.10
2386.58,111.50
2404.11,109.53
2421.63,107.44
2439.16,106.87
2456.68,110.42
2474.21,111.62
2491.74,111.25
2509.26,110.03
2526.79,109.02
2544.32,108.50
2561.84,108.06
2579.37,107.75
2596.89,108.28
2614.42,109.72
2631.95,111.20
2649.47,112.04
2667.00,112.30
2684.53,112.02
2702.05,111.31
2719.58,110.96
2737.11,111.71
2754.63,113.03
2772.16,113.88
2789.68,114.28
2807.21,115.06
2824.74,116.24
2842.26,116.95
2859.79,116.83
2877.32,116.44
2894.84,116.51
2912.37,117.64
2929.89,119.57
2947.42,120.86
2964.95,120.87
2982.47,120.98
3000.00,122.42
3001.00,124.49
3030.12,125.42
3059.23,124.43
3088.35,122.85
3117.47,122.61
3146.58,123.65
3175.70,124.36
3204.82,124.37
3233.93,124.88
3263.05,126.45
3292.17,128.05
3321.28,128.28
3350.40,127.07
3379.51,126.16
3408.63,127.23
3437.75,129.64
3466.86,130.83
3495.98,129.24
3525.10,126.27
3554.21,124.34
3583.33,124.24
3612.45,126.61
3641.56,128.00
3670.68,128.90
3699.80,128.63
3728.91,126.78
3758.03,124.05
3787.15,121.68
3816.26,119.83
3845.38,117.87
3874.50,116.02
3903.61,115.11
3932.73,115.10
3961.84,115.32
3990.96,115.58
4020.08,115.98
4049.19,116.16
4078.31,115.88
4107.43,115.88
4136.54,117.31
4165.66,120.35
4194.78,123.58
4223.89,125.15
4253.01,124.41
4282.13,122.21
4311.24,119.86
4340.36,118.01
4369.48,116.66
4398.59,115.64
4427.71,114.84
4456.83,114.39
4485.94,114.87
4515.06,116.74
4544.17,119.56
4573.29,122.24
4602.41,124.05
4631.52,125.06
4660.64,125.75
4689.76,126.34
4718.87,126.65
4747.99,126.58
4777.11,126.27
4806.22,126.02
4835.34,125.95
4864.46,125.67
4893.57,124.82
4922.69,123.80
4951.81,122.92
4980.92,121.48
5010.04,119.08
5039.16,116.89
5068.27,116.10
5097.39,116.31
5126.50,116.41
5155.62,116.02
5184.74,114.17
5213.85,112.96
5242.97,111.75
5272.09,110.31
5301.20,108.43
5330.32,106.63
5359.44,105.60
5388.55,105.08
5417.67,103.98
5446.79,101.76
5475.90,99.00
5505.02,96.91
5534.14,96.42
5563.25,97.46
5592.37,98.93
5621.49,99.64
5650.60,99.94
5679.72,103.27
5708.83,119.32
5737.95,171.80
5767.07,308.54
5796.18,602.00
5825.30,1122.15
5854.42,1883.23
5883.53,2797.83
5912.65,3675.92
5941.77,4286.39
5970.88,4466.06
6000.00,4204.57
6028.85,3629.36
6057.74,2911.77
6086.63,2190.33
6115.52,1555.03
6144.42,1054.88
6173.31,699.00
6202.20,465.19
6231.10,320.11
6259.99,233.67
6288.88,183.16
6317.77,153.25
6346.67,134.58
6375.56,122.04
6404.45,112.77
6433.35,104.70
6462.24,96.81
6491.13,89.57
6520.02,84.18
6548.92,81.08
6577.81,78.97
6606.70,76.12
6635.60,72.45
6664.49,69.20
6693.38,67.19
6722.27,66.08
6751.17,63.45
6780.06,62.74
6808.95,62.66
6837.85,62.15
6866.74,60.80
6895.63,58.97
6924.52,56.93
6953.42,54.91
6982.31,53.31
7011.20,52.36
7040.10,51.92
7068.99,51.82
7097.88,52.19
7126.77,52.87
7155.67,52.84
7184.56,51.06
7213.45,47.82
7242.35,44.81
7271.24,43.47
7300.13,43.67
7329.02,44.10
7357.92,43.53
7386.81,41.51
7415.70,38.71
7444.59,36.65
7473.49,36.40
7502.38,37.42
7531.27,38.32
7560.17,38.14
7589.06,36.76
7617.95,34.61
7646.84,32.45
7675.74,30.99
7704.63,30.55
7733.52,30.95
7762.42,31.82
7791.31,32.64
7820.20,32.68
7849.09,31.56
7877.99,29.73
7906.88,27.85
7935.77,26.17
7964.67,24.66
7993.56,23.54
8022.45,23.19
8051.34,23.36
8080.24,23.20
8109.13,22.57
8138.02,22.45
8166.92,23.36
8195.81,24.39
8224.70,24.46
8253.59,23.53
8282.49,22.21
8311.38,20.97
8340.27,21.46
8369.17,22.02
8398.06,22.21
8426.95,22.11
8455.84,21.71
8484.74,21.00
8513.63,20.06
8542.52,18.93
8571.42,18.09
8600.31,18.26
8629.20,19.22
8658.09,20.04
8686.99,19.93
8715.88,18.30
8744.77,15.48
8773.67,13.38
8802.56,13.62
8831.45,15.66
8860.34,17.98
8889.24,19.79
8918.13,20.91
8947.02,21.26
8975.92,20.85
9004.81,19.87
9033.70,18.36
9062.59,16.12
9091.49,13.76
9120.38,12.55
9149.27,12.79
9178.17,13.77
9207.06,14.87
9235.95,15.77
9264.84,16.31
9293.74,16.46
9322.63,16.24
9351.52,15.84
9380.41,15.43
9409.31,14.81
9438.20,13.90
9467.09,13.06
9495.99,12.71
9524.88,12.72
9553.77,12.60
9582.66,12.11
9611.56,11.37
9640.45,10.74
9669.34,10.75
9698.24,11.59
9727.13,12.61
9756.02,13.04
9784.91,12.86
9813.81,12.47
9842.70,11.00
9871.59,10.06
9900.49,9.32
9929.38,8.75
9958.27,8.30
9987.16,7.98
10016.06,7.66
10044.95,7.33
10073.84,7.07
10102.74,6.75
10131.63,6.34
10160.52,6.29
10189.41,6.77
10218.31,7.13
10247.20,6.94
10276.09,6.62
10304.99,6.72
10333.88,7.44
10362.77,8.74
10391.66,10.00
10420.56,10.18
10449.45,9.30
10478.34,8.43
10507.24,7.96
10536.13,7.33
10565.02,6.74
10593.91,7.16
10622.81,8.43
10651.70,9.19
10680.59,8.58
10709.48,6.93
10738.38,5.08
10767.27,3.76
10796.16,3.16
10825.06,2.65
10853.95,1.71
10882.84,0.97
10911.73,1.41
10940.63,2.69
10969.52,3.42
10998.41,3.10
11027.31,2.57
11056.20,2.66
11085.09,3.26
11113.98,4.01
11142.88,4.85
11171.77,5.73
11200.66,6.39
11229.56,6.67
11258.45,6.40
11287.34,5.34
11316.23,3.98
11345.13,3.50
11374.02,4.15
11402.91,4.40
11431.81,4.12
11460.70,4.67
11489.59,5.56
11518.48,5.58
11547.38,4.45
11576.27,3.16
11605.16,2.81
11634.06,3.40
11662.95,4.20
11691.84,4.76
11720.73,4.86
11749.63,4.37
11778.52,3.46
11807.41,2.66
11836.30,2.65
11865.20,3.61
11894.09,4.56
11922.98,4.61
11951.88,4.45
11980.77,4.90
12009.66,5.36
12038.55,5.01
12067.45,4.32
12096.34,4.15
12125.23,4.16
12154.13,3.51
12183.02,2.56
12211.91,2.03
12240.80,1.84
12269.70,1.60
12298.59,1.37
12327.48,1.43
12356.38,1.78
12385.27,1.99
12414.16,1.66
12443.05,0.96
12471.95,0.46
12500.84,0.48
12529.73,0.87
12558.63,1.14
12587.52,1.15
12616.41,1.18
12645.30,1.39
12674.20,1.63
12703.09,1.95
12731.98,2.62
12760.88,3.36
12789.77,3.53
12818.66,2.91
12847.55,2.00
12876.45,1.62
12905.34,2.11
12934.23,2.87
12963.12,3.51
12992.02,3.80
13020.91,4.12
13049.80,4.54
13078.70,4.98
13107.59,4.96
13136.48,4.00
13165.37,2.32
13194.27,0.96
13223.16,0.78
13252.05,1.34
13280.95,1.69
13309.84,2.01
13338.73,2.77
13367.62,3.31
13396.52,2.85
13425.41,1.83
13454.30,1.26
13483.20,1.53
13512.09,2.09
13540.98,2.07
13569.87,1.39
13598.77,0.88
13627.66,1.20
13656.55,2.01
13685.45,2.50
13714.34,2.56
13743.23,2.61
13772.12,2.70
13801.02,2.43
13829.91,1.72
13858.80,1.06
13887.70,0.99
13916.59,1.48
13945.48,2.04
13974.37,2.45
14003.27,2.99
14032.16,3.56
14061.05,3.46
14089.95,2.50
14118.84,1.51
14147.73,1.26
14176.62,1.59
14205.52,1.81
14234.41,1.49
14263.30,1.06
14292.20,1.08
14321.09,1.45
14349.98,1.84
14378.87,2.17
14407.77,2.39
14436.66,2.55
14465.55,3.12
14494.45,4.81
14523.34,4.46
14552.23,3.08
14581.12,1.40
14610.02,0.49
14638.91,0.78
14667.80,1.85
14696.70,3.20
14725.59,4.46
14754.48,5.05
14783.37,4.56
14812.27,3.41
14841.16,2.55
14870.05,2.32
14898.95,2.27
14927.84,2.01
14956.73,1.66
14985.62,1.37
15014.52,1.24
15043.41,1.25
15072.30,1.13
15101.20,0.80
15130.09,0.62
15158.98,0.88
15187.87,1.26
15216.77,1.40
15245.66,1.53
15274.55,1.99
15303.44,2.50
15332.34,2.76
15361.23,2.82
15390.12,2.61
15419.02,2.15
15447.91,1.70
15476.80,1.39
15505.69,1.10
15534.59,0.67
15563.48,0.15
15592.37,0.02
15621.27,0.40
15650.16,0.63
15679.05,0.35
15707.94,0.10
15736.84,0.17
15765.73,0.23
15794.62,-0.05
15823.52,-0.54
15852.41,-0.86
15881.30,-0.71
15910.19,-0.15
15939.09,0.42
15967.98,0.46
15996.87,-0.12
16025.77,-0.63
16054.66,0.25
16083.55,0.90
16112.44,1.39
16141.34,1.79
16170.23,2.05
16199.12,1.98
16228.02,1.19
16256.91,-0.36
16285.80,-1.88
16314.69,-2.62
16343.59,-2.69
16372.48,-2.50
16401.37,-2.24
16430.27,-2.03
16459.16,-1.75
16488.05,-1.10
16516.94,0.05
16545.84,1.45
16574.73,2.36
16603.62,2.03
16632.52,0.76
16661.41,-0.36
16690.30,-0.90
16719.19,-1.06
16748.09,-0.79
16776.98,-0.03
16805.87,0.70
16834.77,0.83
16863.66,0.53
16892.55,0.37
16921.44,0.44
16950.34,0.36
16979.23,-0.07
17008.12,-0.61
17037.01,-0.79
17065.91,-0.39
17094.80,0.26
17123.69,0.86
17152.59,1.37
17181.48,1.55
17210.37,1.31
17239.26,1.01
17268.16,0.89
17297.05,0.82
17325.94,0.57
17354.84,0.17
17383.73,-0.02
17412.62,0.11
17441.51,0.27
17470.41,0.21
17499.30,0.06
17528.19,0.15
17557.09,0.34
17585.98,0.21
17614.87,-0.80
17643.76,-0.65
17672.66,0.11
17701.55,0.85
17730.44,1.12
17759.34,1.13
17788.23,1.50
17817.12,2.53
17846.01,3.47
17874.91,3.29
17903.80,2.07
17932.69,0.88
17961.59,0.65
17990.48,1.55
18019.37,2.68
18048.26,2.85
18077.16,2.19
18106.05,1.84
18134.94,1.75
18163.83,1.06
18192.73,0.22
18221.62,0.31
18250.51,0.99
18279.41,1.33
18308.30,1.15
18337.19,0.63
18366.08,-0.11
18394.98,-0.79
18423.87,-1.13
18452.76,-0.95
18481.66,-0.37
18510.55,-0.04
18539.44,-0.26
18568.33,-0.60
18597.23,-0.76
18626.12,-0.94
18655.01,-1.05
18683.91,-0.86
18712.80,-0.40
18741.69,0.16
18770.58,0.65
18799.48,0.93
18828.37,1.16
18857.26,1.84
18886.16,2.83
18915.05,3.04
18943.94,2.00
18972.83,0.73
19001.73,0.23
19030.62,0.38
19059.51,0.70
19088.41,0.99
19117.30,1.09
19146.19,0.69
19175.08,0.85
19203.98,1.49
19232.87,2.46
19261.76,3.33
19290.66,3.51
19319.55,3.12
19348.44,2.73
19377.33,2.43
19406.23,1.83
19435.12,0.92
19464.01,0.07
19492.90,-0.47
19521.80,-0.81
19550.69,-1.11
19579.58,-1.26
19608.48,-1.11
19637.37,-0.86
19666.26,-0.68
19695.15,-0.41
19724.05,-0.05
19752.94,0.02
19781.83,-0.32
19810.73,-0.67
19839.62,-0.57
19868.51,0.19
19897.40,1.37
19926.30,2.16
19955.19,2.00
19984.08,1.48
20012.98,1.41
20041.87,1.59
20070.76,1.29
20099.65,0.28
20128.55,-0.85
20157.44,-1.33
20186.33,-1.04
20215.23,-0.39
20244.12,0.48
20273.01,1.43
20301.90,1.91
20330.80,1.68
20359.69,1.19
20388.58,0.93
20417.48,1.07
20446.37,1.41
20475.26,1.63
20504.15,1.50
20533.05,0.87
20561.94,-0.01
20590.83,-0.50
20619.72,-0.26
20648.62,0.36
20677.51,0.76
20706.40,0.42
20735.30,0.61
20764.19,1.69
20793.08,3.12
20821.97,3.86
20850.87,3.32
20879.76,1.99
20908.65,0.92
20937.55,0.57
20966.44,0.67
20995.33,0.99
21024.22,1.42
21053.12,1.75
21082.01,1.65
21110.90,0.92
21139.80,-0.12
21168.69,-0.89
21197.58,-1.23
21226.47,-1.03
21255.37,-0.16
21284.26,0.90
21313.15,1.59
21342.05,2.05
21370.94,2.34
21399.83,2.31
21428.72,2.07
21457.62,1.56
21486.51,0.54
21515.40,-0.52
21544.30,-0.66
21573.19,0.14
21602.08,0.93
21630.97,1.18
21659.87,1.40
21688.76,1.99
21717.65,2.55
21746.55,2.65
21775.44,2.05
21804.33,0.76
21833.22,-0.45
21862.12,-0.72
21891.01,-0.12
21919.90,0.66
21948.79,0.98
21977.69,0.83
22006.58,0.89
22035.47,1.47
22064.37,1.95
22093.26,1.84
22122.15,1.66
22151.04,1.93
22179.94,2.25
22208.83,2.29
22237.72,2.52
22266.62,3.32
22295.51,2.80
22324.40,2.12
22353.29,2.08
22382.19,2.56
22411.08,2.71
22439.97,2.14
22468.87,1.31
22497.76,0.89
22526.65,1.03
22555.54,1.07
22584.44,0.50
22613.33,-0.37
22642.22,-0.83
22671.12,-0.32
22700.01,0.93
22728.90,1.61
22757.79,1.01
22786.69,0.00
22815.58,0.00
22844.47,0.00
22873.37,0.00
22902.26,0.00
22931.15,0.00
22960.04,0.00
22988.94,0.00
23017.83,0.00
23046.72,0.00
23075.62,0.00
23104.51,0.00
23133.40,0.00
23162.29,0.00
23191.19,0.00
23220.08,0.00
23248.97,0.00
23277.87,0.00
23306.76,0.00
23335.65,0.00
23364.54,0.00
23393.44,0.00
23422.33,0.00
23451.22,0.00
23480.12,0.00
23509.01,0.00
23537.90,0.00
23566.79,0.00
23595.69,0.00
23624.58,0.00
23653.47,0.00
23682.37,0.00
23711.26,0.00
23740.15,0.00
23769.04,0.00
23797.94,0.00
23826.83,0.00
23855.72,0.00
23884.62,0.00
